{
  "lastUpdated": "05 Jan 2026",
  "themes": {
    "State Championships": {
      "bg": "bg-indigo-100",
      "text": "text-indigo-700",
      "border": "border-indigo-300",
      "desc": "Regional & State championships"
    },
    "Brisbane Trials": {
      "bg": "bg-yellow-100",
      "text": "text-yellow-800",
      "border": "border-yellow-400",
      "desc": "Selection sessions for rep teams"
    },
    "Brisbane Training": {
      "bg": "bg-blue-100",
      "text": "text-blue-700",
      "border": "border-blue-300",
      "desc": "Regular squad practice sessions"
    },
    "Qld State Training": {
      "bg": "bg-red-100",
      "text": "text-red-800",
      "border": "border-red-300",
      "desc": "State-level high performance"
    },
    "Brisbane Development": {
      "bg": "bg-green-100",
      "text": "text-green-700",
      "border": "border-green-300",
      "desc": "Skills clinics & junior growth"
    },
    "School Holidays": {
      "bg": "bg-orange-100",
      "text": "text-orange-700",
      "border": "border-orange-300",
      "desc": "Holiday camps and breaks"
    },
    "Other": {
      "bg": "bg-slate-100",
      "text": "text-slate-700",
      "border": "border-slate-300",
      "desc": "General meetings & notices"
    },
    "National Titles": {
      "bg": "bg-green-800",
      "text": "text-yellow-300",
      "border": "border-purple-300",
      "desc": "Australian national championships"
    }
  },
  "events": [
    {
      "name": "Open Mens National Indoor Championships",
      "type": "National Titles",
      "startDate": "2026-01-11",
      "endDate": "2026-01-15",
      "startTime": "",
      "location": "Canberra, ACT",
      "endTime": "",
      "link": "https://hockeyaustralia.altiusrt.com/competitions/522"
    },
    {
      "name": "U16 Boys Indoor Hockey Nationals",
      "type": "National Titles",
      "startDate": "2026-01-11",
      "endDate": "2026-01-17",
      "startTime": "",
      "location": "Goulburn, NSW",
      "endTime": "",
      "link": "https://hockeyaustralia.altiusrt.com/competitions/528"
    },
    {
      "name": "U21 Mens Indoor Hockey Nationals",
      "type": "National Titles",
      "startDate": "2026-01-16",
      "endDate": "2026-01-19",
      "startTime": "",
      "location": "Canberra, ACT",
      "endTime": "",
      "link": "https://hockeyaustralia.altiusrt.com/competitions/524"
    },
    {
      "name": "U14 Boys Indoor Hockey Nationals",
      "type": "National Titles",
      "startDate": "2026-01-18",
      "endDate": "2026-01-23",
      "startTime": "",
      "location": "Goulburn, NSW",
      "endTime": "",
      "link": "https://hockeyaustralia.altiusrt.com/competitions/530"
    },
    {
      "name": "U18 Mens Indoor Hockey Nationals",
      "type": "National Titles",
      "startDate": "2026-01-20",
      "endDate": "2026-01-24",
      "startTime": "",
      "location": "Canberra, ACT",
      "endTime": "",
      "link": "https://hockeyaustralia.altiusrt.com/competitions/526"
    },
    {
      "name": "U16 Qld boys Trials Preparation Camp",
      "type": "Brisbane Development",
      "startDate": "2026-01-21",
      "endDate": "2026-01-21",
      "startTime": "6:00 PM",
      "location": "SHC1, Brisbane",
      "endTime": "8:00 PM",
      "link": ""
    },
    {
      "name": "U16 Qld boys Trials Preparation Camp",
      "type": "Brisbane Development",
      "startDate": "2026-01-28",
      "endDate": "2026-01-28",
      "startTime": "6:00 PM",
      "location": "SHC1, Brisbane",
      "endTime": "8:00 PM",
      "link": ""
    },
    {
      "name": "U16 Qld boys Trials Preparation Camp",
      "type": "Brisbane Development",
      "startDate": "2026-02-04",
      "endDate": "2026-02-04",
      "startTime": "6:00 PM",
      "location": "SHC1, Brisbane",
      "endTime": "8:00 PM",
      "link": ""
    },
    {
      "name": "U16 Qld boys Trials Preparation Camp",
      "type": "Brisbane Development",
      "startDate": "2026-02-11",
      "endDate": "2026-02-11",
      "startTime": "6:00 PM",
      "location": "SHC1, Brisbane",
      "endTime": "8:00 PM",
      "link": ""
    },
    {
      "name": "U18 Mens Brisbane Development Camp",
      "type": "Brisbane Development",
      "startDate": "2026-02-09",
      "endDate": "2026-02-09",
      "startTime": "6:00 PM",
      "location": "SHC1, Brisbane",
      "endTime": "8:00 PM",
      "link": ""
    },
    {
      "name": "U16 Boys Queensland Trials",
      "type": "Queensland Trials",
      "startDate": "2026-02-13",
      "endDate": "2026-02-15",
      "startTime": "",
      "location": "SHC1, Brisbane",
      "endTime": "",
      "link": ""
    },
    {
      "name": "U18 Mens Brisbane Development Camp",
      "type": "Brisbane Development",
      "startDate": "2026-02-23",
      "endDate": "2026-02-23",
      "startTime": "6:00 PM",
      "location": "SHC1, Brisbane",
      "endTime": "8:00 PM",
      "link": ""
    },
    {
      "name": "U21 Mens Queensland Trials",
      "type": "Queensland Trials",
      "startDate": "2026-02-20",
      "endDate": "2026-02-21",
      "startTime": "",
      "location": "SHC1, Brisbane",
      "endTime": "",
      "link": ""
    }
  ]
}
